Images/*.jpg, red, 0
Images/*.jpg, white, 0
Images/*.jpg, blue, 0
Images/_DSC7313.JPG, red, 7
Images/_DSC7313.JPG, white, 0
Images/_DSC7313.JPG, blue, 11
Images/_DSC7314.JPG, red, 5
Images/_DSC7314.JPG, white, 1
Images/_DSC7314.JPG, blue, 10
Images/_DSC7315.JPG, red, 4
Images/_DSC7315.JPG, white, 6
Images/_DSC7315.JPG, blue, 10
Images/_DSC7316.JPG, red, 6
Images/_DSC7316.JPG, white, 0
Images/_DSC7316.JPG, blue, 11
Images/_DSC7317.JPG, red, 13
Images/_DSC7317.JPG, white, 0
Images/_DSC7317.JPG, blue, 5
